{
  "service": {
    "service": "diplomska",
    "serviceObject": {
      "name": "diplomska"
    },
    "provider": {
      "stage": "dev",
      "region": "eu-west-1",
      "variableSyntax": "\\${([ ~:a-zA-Z0-9._'\",\\-\\/\\(\\)]+?)}",
      "name": "aws",
      "account": 420639760093,
      "runtime": "nodejs6.10",
      "memorySize": 128,
      "timeout": 60,
      "environment": {
        "STAGE": "diplomska-dev",
        "LOG_LEVEL": "INFO"
      },
      "iamRoleStatements": [
        {
          "Effect": "Allow",
          "Action": [
            "dynamodb:DescribeTable",
            "dynamodb:Query",
            "dynamodb:Scan",
            "dynamodb:GetItem",
            "dynamodb:PutItem",
            "dynamodb:UpdateItem",
            "dynamodb:DeleteItem",
            "dynamodb:GetRecords",
            "dynamodb:GetShardIterator",
            "dynamodb:DescribeStream",
            "dynamodb:ListStreams"
          ],
          "Resource": "arn:aws:dynamodb:eu-west-1:*:*"
        },
        {
          "Effect": "Allow",
          "Action": [
            "lambda:InvokeFunction"
          ],
          "Resource": "arn:aws:lambda:eu-west-1:*:*"
        }
      ],
      "versionFunctions": true,
      "remoteFunctionData": null,
      "compiledCloudFormationTemplate": {
        "AWSTemplateFormatVersion": "2010-09-09",
        "Description": "The AWS CloudFormation template for this Serverless application",
        "Resources": {
          "ServerlessDeploymentBucket": {
            "Type": "AWS::S3::Bucket"
          },
          "ThreadDashserviceLogGroup": {
            "Type": "AWS::Logs::LogGroup",
            "Properties": {
              "LogGroupName": "/aws/lambda/diplomska-dev-thread-service"
            }
          },
          "CommentDashserviceLogGroup": {
            "Type": "AWS::Logs::LogGroup",
            "Properties": {
              "LogGroupName": "/aws/lambda/diplomska-dev-comment-service"
            }
          },
          "IamRoleLambdaExecution": {
            "Type": "AWS::IAM::Role",
            "Properties": {
              "AssumeRolePolicyDocument": {
                "Version": "2012-10-17",
                "Statement": [
                  {
                    "Effect": "Allow",
                    "Principal": {
                      "Service": [
                        "lambda.amazonaws.com"
                      ]
                    },
                    "Action": [
                      "sts:AssumeRole"
                    ]
                  }
                ]
              },
              "Policies": [
                {
                  "PolicyName": {
                    "Fn::Join": [
                      "-",
                      [
                        "dev",
                        "diplomska",
                        "lambda"
                      ]
                    ]
                  },
                  "PolicyDocument": {
                    "Version": "2012-10-17",
                    "Statement": [
                      {
                        "Effect": "Allow",
                        "Action": [
                          "logs:CreateLogStream"
                        ],
                        "Resource": [
                          {
                            "Fn::Sub": "arn:aws:logs:${AWS::Region}:${AWS::AccountId}:log-group:/aws/lambda/diplomska-dev-thread-service:*"
                          },
                          {
                            "Fn::Sub": "arn:aws:logs:${AWS::Region}:${AWS::AccountId}:log-group:/aws/lambda/diplomska-dev-comment-service:*"
                          }
                        ]
                      },
                      {
                        "Effect": "Allow",
                        "Action": [
                          "logs:PutLogEvents"
                        ],
                        "Resource": [
                          {
                            "Fn::Sub": "arn:aws:logs:${AWS::Region}:${AWS::AccountId}:log-group:/aws/lambda/diplomska-dev-thread-service:*:*"
                          },
                          {
                            "Fn::Sub": "arn:aws:logs:${AWS::Region}:${AWS::AccountId}:log-group:/aws/lambda/diplomska-dev-comment-service:*:*"
                          }
                        ]
                      },
                      {
                        "Effect": "Allow",
                        "Action": [
                          "dynamodb:DescribeTable",
                          "dynamodb:Query",
                          "dynamodb:Scan",
                          "dynamodb:GetItem",
                          "dynamodb:PutItem",
                          "dynamodb:UpdateItem",
                          "dynamodb:DeleteItem",
                          "dynamodb:GetRecords",
                          "dynamodb:GetShardIterator",
                          "dynamodb:DescribeStream",
                          "dynamodb:ListStreams"
                        ],
                        "Resource": "arn:aws:dynamodb:eu-west-1:*:*"
                      },
                      {
                        "Effect": "Allow",
                        "Action": [
                          "lambda:InvokeFunction"
                        ],
                        "Resource": "arn:aws:lambda:eu-west-1:*:*"
                      }
                    ]
                  }
                }
              ],
              "Path": "/",
              "RoleName": {
                "Fn::Join": [
                  "-",
                  [
                    "diplomska",
                    "dev",
                    "eu-west-1",
                    "lambdaRole"
                  ]
                ]
              }
            }
          },
          "ThreadDashserviceLambdaFunction": {
            "Type": "AWS::Lambda::Function",
            "Properties": {
              "Code": {
                "S3Bucket": {
                  "Ref": "ServerlessDeploymentBucket"
                },
                "S3Key": "serverless/diplomska/dev/1518428428270-2018-02-12T09:40:28.270Z/diplomska.zip"
              },
              "FunctionName": "diplomska-dev-thread-service",
              "Handler": "aws/thread.lambda",
              "MemorySize": 128,
              "Role": {
                "Fn::GetAtt": [
                  "IamRoleLambdaExecution",
                  "Arn"
                ]
              },
              "Runtime": "nodejs6.10",
              "Timeout": 60,
              "Environment": {
                "Variables": {
                  "STAGE": "diplomska-dev",
                  "LOG_LEVEL": "INFO"
                }
              }
            },
            "DependsOn": [
              "ThreadDashserviceLogGroup",
              "IamRoleLambdaExecution"
            ]
          },
          "ThreadDashserviceLambdaVersionGr8mQHxviHZ5ijAPa8ovIuYvFdcDPnBZcSYumwWc8": {
            "Type": "AWS::Lambda::Version",
            "DeletionPolicy": "Retain",
            "Properties": {
              "FunctionName": {
                "Ref": "ThreadDashserviceLambdaFunction"
              },
              "CodeSha256": "Gr8mQ/HxviHZ5ijAPa8ovIuYvFd+cDPnBZcSYumwWc8="
            }
          },
          "CommentDashserviceLambdaFunction": {
            "Type": "AWS::Lambda::Function",
            "Properties": {
              "Code": {
                "S3Bucket": {
                  "Ref": "ServerlessDeploymentBucket"
                },
                "S3Key": "serverless/diplomska/dev/1518428428270-2018-02-12T09:40:28.270Z/diplomska.zip"
              },
              "FunctionName": "diplomska-dev-comment-service",
              "Handler": "aws/comment.lambda",
              "MemorySize": 128,
              "Role": {
                "Fn::GetAtt": [
                  "IamRoleLambdaExecution",
                  "Arn"
                ]
              },
              "Runtime": "nodejs6.10",
              "Timeout": 60,
              "Environment": {
                "Variables": {
                  "STAGE": "diplomska-dev",
                  "LOG_LEVEL": "INFO"
                }
              }
            },
            "DependsOn": [
              "CommentDashserviceLogGroup",
              "IamRoleLambdaExecution"
            ]
          },
          "CommentDashserviceLambdaVersionGr8mQHxviHZ5ijAPa8ovIuYvFdcDPnBZcSYumwWc8": {
            "Type": "AWS::Lambda::Version",
            "DeletionPolicy": "Retain",
            "Properties": {
              "FunctionName": {
                "Ref": "CommentDashserviceLambdaFunction"
              },
              "CodeSha256": "Gr8mQ/HxviHZ5ijAPa8ovIuYvFd+cDPnBZcSYumwWc8="
            }
          },
          "ApiGatewayRestApi": {
            "Type": "AWS::ApiGateway::RestApi",
            "Properties": {
              "Name": "dev-diplomska"
            }
          },
          "ApiGatewayResourceThreads": {
            "Type": "AWS::ApiGateway::Resource",
            "Properties": {
              "ParentId": {
                "Fn::GetAtt": [
                  "ApiGatewayRestApi",
                  "RootResourceId"
                ]
              },
              "PathPart": "threads",
              "RestApiId": {
                "Ref": "ApiGatewayRestApi"
              }
            }
          },
          "ApiGatewayResourceComments": {
            "Type": "AWS::ApiGateway::Resource",
            "Properties": {
              "ParentId": {
                "Fn::GetAtt": [
                  "ApiGatewayRestApi",
                  "RootResourceId"
                ]
              },
              "PathPart": "comments",
              "RestApiId": {
                "Ref": "ApiGatewayRestApi"
              }
            }
          },
          "ApiGatewayResourceThreadsThreadidVar": {
            "Type": "AWS::ApiGateway::Resource",
            "Properties": {
              "ParentId": {
                "Ref": "ApiGatewayResourceThreads"
              },
              "PathPart": "{threadId}",
              "RestApiId": {
                "Ref": "ApiGatewayRestApi"
              }
            }
          },
          "ApiGatewayResourceCommentsThreadidVar": {
            "Type": "AWS::ApiGateway::Resource",
            "Properties": {
              "ParentId": {
                "Ref": "ApiGatewayResourceComments"
              },
              "PathPart": "{threadId}",
              "RestApiId": {
                "Ref": "ApiGatewayRestApi"
              }
            }
          },
          "ApiGatewayResourceCommentsThreadidVarCommentidVar": {
            "Type": "AWS::ApiGateway::Resource",
            "Properties": {
              "ParentId": {
                "Ref": "ApiGatewayResourceCommentsThreadidVar"
              },
              "PathPart": "{commentId}",
              "RestApiId": {
                "Ref": "ApiGatewayRestApi"
              }
            }
          },
          "ApiGatewayMethodThreadsOptions": {
            "Type": "AWS::ApiGateway::Method",
            "Properties": {
              "AuthorizationType": "NONE",
              "HttpMethod": "OPTIONS",
              "MethodResponses": [
                {
                  "StatusCode": "200",
                  "ResponseParameters": {
                    "method.response.header.Access-Control-Allow-Origin": true,
                    "method.response.header.Access-Control-Allow-Headers": true,
                    "method.response.header.Access-Control-Allow-Methods": true,
                    "method.response.header.Access-Control-Allow-Credentials": true
                  },
                  "ResponseModels": {}
                }
              ],
              "RequestParameters": {},
              "Integration": {
                "Type": "MOCK",
                "RequestTemplates": {
                  "application/json": "{statusCode:200}"
                },
                "IntegrationResponses": [
                  {
                    "StatusCode": "200",
                    "ResponseParameters": {
                      "method.response.header.Access-Control-Allow-Origin": "'*'",
                      "method.response.header.Access-Control-Allow-Headers": "'Content-Type,X-Amz-Date,Authorization,X-Api-Key,X-Amz-Security-Token,X-Amz-User-Agent'",
                      "method.response.header.Access-Control-Allow-Methods": "'OPTIONS,POST,GET'",
                      "method.response.header.Access-Control-Allow-Credentials": "'false'"
                    },
                    "ResponseTemplates": {
                      "application/json": ""
                    }
                  }
                ]
              },
              "ResourceId": {
                "Ref": "ApiGatewayResourceThreads"
              },
              "RestApiId": {
                "Ref": "ApiGatewayRestApi"
              }
            }
          },
          "ApiGatewayMethodThreadsThreadidVarOptions": {
            "Type": "AWS::ApiGateway::Method",
            "Properties": {
              "AuthorizationType": "NONE",
              "HttpMethod": "OPTIONS",
              "MethodResponses": [
                {
                  "StatusCode": "200",
                  "ResponseParameters": {
                    "method.response.header.Access-Control-Allow-Origin": true,
                    "method.response.header.Access-Control-Allow-Headers": true,
                    "method.response.header.Access-Control-Allow-Methods": true,
                    "method.response.header.Access-Control-Allow-Credentials": true
                  },
                  "ResponseModels": {}
                }
              ],
              "RequestParameters": {},
              "Integration": {
                "Type": "MOCK",
                "RequestTemplates": {
                  "application/json": "{statusCode:200}"
                },
                "IntegrationResponses": [
                  {
                    "StatusCode": "200",
                    "ResponseParameters": {
                      "method.response.header.Access-Control-Allow-Origin": "'*'",
                      "method.response.header.Access-Control-Allow-Headers": "'Content-Type,X-Amz-Date,Authorization,X-Api-Key,X-Amz-Security-Token,X-Amz-User-Agent'",
                      "method.response.header.Access-Control-Allow-Methods": "'OPTIONS,DELETE,PUT,GET'",
                      "method.response.header.Access-Control-Allow-Credentials": "'false'"
                    },
                    "ResponseTemplates": {
                      "application/json": ""
                    }
                  }
                ]
              },
              "ResourceId": {
                "Ref": "ApiGatewayResourceThreadsThreadidVar"
              },
              "RestApiId": {
                "Ref": "ApiGatewayRestApi"
              }
            }
          },
          "ApiGatewayMethodCommentsOptions": {
            "Type": "AWS::ApiGateway::Method",
            "Properties": {
              "AuthorizationType": "NONE",
              "HttpMethod": "OPTIONS",
              "MethodResponses": [
                {
                  "StatusCode": "200",
                  "ResponseParameters": {
                    "method.response.header.Access-Control-Allow-Origin": true,
                    "method.response.header.Access-Control-Allow-Headers": true,
                    "method.response.header.Access-Control-Allow-Methods": true,
                    "method.response.header.Access-Control-Allow-Credentials": true
                  },
                  "ResponseModels": {}
                }
              ],
              "RequestParameters": {},
              "Integration": {
                "Type": "MOCK",
                "RequestTemplates": {
                  "application/json": "{statusCode:200}"
                },
                "IntegrationResponses": [
                  {
                    "StatusCode": "200",
                    "ResponseParameters": {
                      "method.response.header.Access-Control-Allow-Origin": "'*'",
                      "method.response.header.Access-Control-Allow-Headers": "'Content-Type,X-Amz-Date,Authorization,X-Api-Key,X-Amz-Security-Token,X-Amz-User-Agent'",
                      "method.response.header.Access-Control-Allow-Methods": "'OPTIONS,POST,GET'",
                      "method.response.header.Access-Control-Allow-Credentials": "'false'"
                    },
                    "ResponseTemplates": {
                      "application/json": ""
                    }
                  }
                ]
              },
              "ResourceId": {
                "Ref": "ApiGatewayResourceComments"
              },
              "RestApiId": {
                "Ref": "ApiGatewayRestApi"
              }
            }
          },
          "ApiGatewayMethodCommentsThreadidVarCommentidVarOptions": {
            "Type": "AWS::ApiGateway::Method",
            "Properties": {
              "AuthorizationType": "NONE",
              "HttpMethod": "OPTIONS",
              "MethodResponses": [
                {
                  "StatusCode": "200",
                  "ResponseParameters": {
                    "method.response.header.Access-Control-Allow-Origin": true,
                    "method.response.header.Access-Control-Allow-Headers": true,
                    "method.response.header.Access-Control-Allow-Methods": true,
                    "method.response.header.Access-Control-Allow-Credentials": true
                  },
                  "ResponseModels": {}
                }
              ],
              "RequestParameters": {},
              "Integration": {
                "Type": "MOCK",
                "RequestTemplates": {
                  "application/json": "{statusCode:200}"
                },
                "IntegrationResponses": [
                  {
                    "StatusCode": "200",
                    "ResponseParameters": {
                      "method.response.header.Access-Control-Allow-Origin": "'*'",
                      "method.response.header.Access-Control-Allow-Headers": "'Content-Type,X-Amz-Date,Authorization,X-Api-Key,X-Amz-Security-Token,X-Amz-User-Agent'",
                      "method.response.header.Access-Control-Allow-Methods": "'OPTIONS,DELETE,PUT,GET'",
                      "method.response.header.Access-Control-Allow-Credentials": "'false'"
                    },
                    "ResponseTemplates": {
                      "application/json": ""
                    }
                  }
                ]
              },
              "ResourceId": {
                "Ref": "ApiGatewayResourceCommentsThreadidVarCommentidVar"
              },
              "RestApiId": {
                "Ref": "ApiGatewayRestApi"
              }
            }
          },
          "ApiGatewayMethodThreadsGet": {
            "Type": "AWS::ApiGateway::Method",
            "Properties": {
              "HttpMethod": "GET",
              "RequestParameters": {},
              "ResourceId": {
                "Ref": "ApiGatewayResourceThreads"
              },
              "RestApiId": {
                "Ref": "ApiGatewayRestApi"
              },
              "AuthorizationType": "NONE",
              "Integration": {
                "IntegrationHttpMethod": "POST",
                "Type": "AWS_PROXY",
                "Uri": {
                  "Fn::Join": [
                    "",
                    [
                      "arn:aws:apigateway:",
                      {
                        "Ref": "AWS::Region"
                      },
                      ":lambda:path/2015-03-31/functions/",
                      {
                        "Fn::GetAtt": [
                          "ThreadDashserviceLambdaFunction",
                          "Arn"
                        ]
                      },
                      "/invocations"
                    ]
                  ]
                }
              },
              "MethodResponses": []
            }
          },
          "ApiGatewayMethodThreadsThreadidVarGet": {
            "Type": "AWS::ApiGateway::Method",
            "Properties": {
              "HttpMethod": "GET",
              "RequestParameters": {},
              "ResourceId": {
                "Ref": "ApiGatewayResourceThreadsThreadidVar"
              },
              "RestApiId": {
                "Ref": "ApiGatewayRestApi"
              },
              "AuthorizationType": "NONE",
              "Integration": {
                "IntegrationHttpMethod": "POST",
                "Type": "AWS_PROXY",
                "Uri": {
                  "Fn::Join": [
                    "",
                    [
                      "arn:aws:apigateway:",
                      {
                        "Ref": "AWS::Region"
                      },
                      ":lambda:path/2015-03-31/functions/",
                      {
                        "Fn::GetAtt": [
                          "ThreadDashserviceLambdaFunction",
                          "Arn"
                        ]
                      },
                      "/invocations"
                    ]
                  ]
                }
              },
              "MethodResponses": []
            }
          },
          "ApiGatewayMethodThreadsPost": {
            "Type": "AWS::ApiGateway::Method",
            "Properties": {
              "HttpMethod": "POST",
              "RequestParameters": {},
              "ResourceId": {
                "Ref": "ApiGatewayResourceThreads"
              },
              "RestApiId": {
                "Ref": "ApiGatewayRestApi"
              },
              "AuthorizationType": "NONE",
              "Integration": {
                "IntegrationHttpMethod": "POST",
                "Type": "AWS_PROXY",
                "Uri": {
                  "Fn::Join": [
                    "",
                    [
                      "arn:aws:apigateway:",
                      {
                        "Ref": "AWS::Region"
                      },
                      ":lambda:path/2015-03-31/functions/",
                      {
                        "Fn::GetAtt": [
                          "ThreadDashserviceLambdaFunction",
                          "Arn"
                        ]
                      },
                      "/invocations"
                    ]
                  ]
                }
              },
              "MethodResponses": []
            }
          },
          "ApiGatewayMethodThreadsThreadidVarPut": {
            "Type": "AWS::ApiGateway::Method",
            "Properties": {
              "HttpMethod": "PUT",
              "RequestParameters": {},
              "ResourceId": {
                "Ref": "ApiGatewayResourceThreadsThreadidVar"
              },
              "RestApiId": {
                "Ref": "ApiGatewayRestApi"
              },
              "AuthorizationType": "NONE",
              "Integration": {
                "IntegrationHttpMethod": "POST",
                "Type": "AWS_PROXY",
                "Uri": {
                  "Fn::Join": [
                    "",
                    [
                      "arn:aws:apigateway:",
                      {
                        "Ref": "AWS::Region"
                      },
                      ":lambda:path/2015-03-31/functions/",
                      {
                        "Fn::GetAtt": [
                          "ThreadDashserviceLambdaFunction",
                          "Arn"
                        ]
                      },
                      "/invocations"
                    ]
                  ]
                }
              },
              "MethodResponses": []
            }
          },
          "ApiGatewayMethodThreadsThreadidVarDelete": {
            "Type": "AWS::ApiGateway::Method",
            "Properties": {
              "HttpMethod": "DELETE",
              "RequestParameters": {},
              "ResourceId": {
                "Ref": "ApiGatewayResourceThreadsThreadidVar"
              },
              "RestApiId": {
                "Ref": "ApiGatewayRestApi"
              },
              "AuthorizationType": "NONE",
              "Integration": {
                "IntegrationHttpMethod": "POST",
                "Type": "AWS_PROXY",
                "Uri": {
                  "Fn::Join": [
                    "",
                    [
                      "arn:aws:apigateway:",
                      {
                        "Ref": "AWS::Region"
                      },
                      ":lambda:path/2015-03-31/functions/",
                      {
                        "Fn::GetAtt": [
                          "ThreadDashserviceLambdaFunction",
                          "Arn"
                        ]
                      },
                      "/invocations"
                    ]
                  ]
                }
              },
              "MethodResponses": []
            }
          },
          "ApiGatewayMethodCommentsGet": {
            "Type": "AWS::ApiGateway::Method",
            "Properties": {
              "HttpMethod": "GET",
              "RequestParameters": {},
              "ResourceId": {
                "Ref": "ApiGatewayResourceComments"
              },
              "RestApiId": {
                "Ref": "ApiGatewayRestApi"
              },
              "AuthorizationType": "NONE",
              "Integration": {
                "IntegrationHttpMethod": "POST",
                "Type": "AWS_PROXY",
                "Uri": {
                  "Fn::Join": [
                    "",
                    [
                      "arn:aws:apigateway:",
                      {
                        "Ref": "AWS::Region"
                      },
                      ":lambda:path/2015-03-31/functions/",
                      {
                        "Fn::GetAtt": [
                          "CommentDashserviceLambdaFunction",
                          "Arn"
                        ]
                      },
                      "/invocations"
                    ]
                  ]
                }
              },
              "MethodResponses": []
            }
          },
          "ApiGatewayMethodCommentsThreadidVarCommentidVarGet": {
            "Type": "AWS::ApiGateway::Method",
            "Properties": {
              "HttpMethod": "GET",
              "RequestParameters": {},
              "ResourceId": {
                "Ref": "ApiGatewayResourceCommentsThreadidVarCommentidVar"
              },
              "RestApiId": {
                "Ref": "ApiGatewayRestApi"
              },
              "AuthorizationType": "NONE",
              "Integration": {
                "IntegrationHttpMethod": "POST",
                "Type": "AWS_PROXY",
                "Uri": {
                  "Fn::Join": [
                    "",
                    [
                      "arn:aws:apigateway:",
                      {
                        "Ref": "AWS::Region"
                      },
                      ":lambda:path/2015-03-31/functions/",
                      {
                        "Fn::GetAtt": [
                          "CommentDashserviceLambdaFunction",
                          "Arn"
                        ]
                      },
                      "/invocations"
                    ]
                  ]
                }
              },
              "MethodResponses": []
            }
          },
          "ApiGatewayMethodCommentsPost": {
            "Type": "AWS::ApiGateway::Method",
            "Properties": {
              "HttpMethod": "POST",
              "RequestParameters": {},
              "ResourceId": {
                "Ref": "ApiGatewayResourceComments"
              },
              "RestApiId": {
                "Ref": "ApiGatewayRestApi"
              },
              "AuthorizationType": "NONE",
              "Integration": {
                "IntegrationHttpMethod": "POST",
                "Type": "AWS_PROXY",
                "Uri": {
                  "Fn::Join": [
                    "",
                    [
                      "arn:aws:apigateway:",
                      {
                        "Ref": "AWS::Region"
                      },
                      ":lambda:path/2015-03-31/functions/",
                      {
                        "Fn::GetAtt": [
                          "CommentDashserviceLambdaFunction",
                          "Arn"
                        ]
                      },
                      "/invocations"
                    ]
                  ]
                }
              },
              "MethodResponses": []
            }
          },
          "ApiGatewayMethodCommentsThreadidVarCommentidVarPut": {
            "Type": "AWS::ApiGateway::Method",
            "Properties": {
              "HttpMethod": "PUT",
              "RequestParameters": {},
              "ResourceId": {
                "Ref": "ApiGatewayResourceCommentsThreadidVarCommentidVar"
              },
              "RestApiId": {
                "Ref": "ApiGatewayRestApi"
              },
              "AuthorizationType": "NONE",
              "Integration": {
                "IntegrationHttpMethod": "POST",
                "Type": "AWS_PROXY",
                "Uri": {
                  "Fn::Join": [
                    "",
                    [
                      "arn:aws:apigateway:",
                      {
                        "Ref": "AWS::Region"
                      },
                      ":lambda:path/2015-03-31/functions/",
                      {
                        "Fn::GetAtt": [
                          "CommentDashserviceLambdaFunction",
                          "Arn"
                        ]
                      },
                      "/invocations"
                    ]
                  ]
                }
              },
              "MethodResponses": []
            }
          },
          "ApiGatewayMethodCommentsThreadidVarCommentidVarDelete": {
            "Type": "AWS::ApiGateway::Method",
            "Properties": {
              "HttpMethod": "DELETE",
              "RequestParameters": {},
              "ResourceId": {
                "Ref": "ApiGatewayResourceCommentsThreadidVarCommentidVar"
              },
              "RestApiId": {
                "Ref": "ApiGatewayRestApi"
              },
              "AuthorizationType": "NONE",
              "Integration": {
                "IntegrationHttpMethod": "POST",
                "Type": "AWS_PROXY",
                "Uri": {
                  "Fn::Join": [
                    "",
                    [
                      "arn:aws:apigateway:",
                      {
                        "Ref": "AWS::Region"
                      },
                      ":lambda:path/2015-03-31/functions/",
                      {
                        "Fn::GetAtt": [
                          "CommentDashserviceLambdaFunction",
                          "Arn"
                        ]
                      },
                      "/invocations"
                    ]
                  ]
                }
              },
              "MethodResponses": []
            }
          },
          "ApiGatewayDeployment1518428428361": {
            "Type": "AWS::ApiGateway::Deployment",
            "Properties": {
              "RestApiId": {
                "Ref": "ApiGatewayRestApi"
              },
              "StageName": "dev"
            },
            "DependsOn": [
              "ApiGatewayMethodThreadsGet",
              "ApiGatewayMethodThreadsThreadidVarGet",
              "ApiGatewayMethodThreadsPost",
              "ApiGatewayMethodThreadsThreadidVarPut",
              "ApiGatewayMethodThreadsThreadidVarDelete",
              "ApiGatewayMethodCommentsGet",
              "ApiGatewayMethodCommentsThreadidVarCommentidVarGet",
              "ApiGatewayMethodCommentsPost",
              "ApiGatewayMethodCommentsThreadidVarCommentidVarPut",
              "ApiGatewayMethodCommentsThreadidVarCommentidVarDelete"
            ]
          },
          "ThreadDashserviceLambdaPermissionApiGateway": {
            "Type": "AWS::Lambda::Permission",
            "Properties": {
              "FunctionName": {
                "Fn::GetAtt": [
                  "ThreadDashserviceLambdaFunction",
                  "Arn"
                ]
              },
              "Action": "lambda:InvokeFunction",
              "Principal": "apigateway.amazonaws.com",
              "SourceArn": {
                "Fn::Join": [
                  "",
                  [
                    "arn:aws:execute-api:",
                    {
                      "Ref": "AWS::Region"
                    },
                    ":",
                    {
                      "Ref": "AWS::AccountId"
                    },
                    ":",
                    {
                      "Ref": "ApiGatewayRestApi"
                    },
                    "/*/*"
                  ]
                ]
              }
            }
          },
          "CommentDashserviceLambdaPermissionApiGateway": {
            "Type": "AWS::Lambda::Permission",
            "Properties": {
              "FunctionName": {
                "Fn::GetAtt": [
                  "CommentDashserviceLambdaFunction",
                  "Arn"
                ]
              },
              "Action": "lambda:InvokeFunction",
              "Principal": "apigateway.amazonaws.com",
              "SourceArn": {
                "Fn::Join": [
                  "",
                  [
                    "arn:aws:execute-api:",
                    {
                      "Ref": "AWS::Region"
                    },
                    ":",
                    {
                      "Ref": "AWS::AccountId"
                    },
                    ":",
                    {
                      "Ref": "ApiGatewayRestApi"
                    },
                    "/*/*"
                  ]
                ]
              }
            }
          },
          "ThreadTable": {
            "Type": "AWS::DynamoDB::Table",
            "Properties": {
              "TableName": "diplomska-dev-Thread",
              "AttributeDefinitions": [
                {
                  "AttributeName": "ThreadId",
                  "AttributeType": "S"
                }
              ],
              "KeySchema": [
                {
                  "AttributeName": "ThreadId",
                  "KeyType": "HASH"
                }
              ],
              "ProvisionedThroughput": {
                "ReadCapacityUnits": 1,
                "WriteCapacityUnits": 1
              }
            }
          },
          "CommentTable": {
            "Type": "AWS::DynamoDB::Table",
            "Properties": {
              "TableName": "diplomska-dev-Comment",
              "AttributeDefinitions": [
                {
                  "AttributeName": "CommentId",
                  "AttributeType": "S"
                },
                {
                  "AttributeName": "ThreadId",
                  "AttributeType": "S"
                }
              ],
              "KeySchema": [
                {
                  "AttributeName": "CommentId",
                  "KeyType": "HASH"
                },
                {
                  "AttributeName": "ThreadId",
                  "KeyType": "RANGE"
                }
              ],
              "ProvisionedThroughput": {
                "ReadCapacityUnits": 1,
                "WriteCapacityUnits": 1
              },
              "GlobalSecondaryIndexes": [
                {
                  "IndexName": "Thread-index",
                  "KeySchema": [
                    {
                      "AttributeName": "ThreadId",
                      "KeyType": "HASH"
                    },
                    {
                      "AttributeName": "CommentId",
                      "KeyType": "RANGE"
                    }
                  ],
                  "Projection": {
                    "ProjectionType": "ALL"
                  },
                  "ProvisionedThroughput": {
                    "ReadCapacityUnits": 1,
                    "WriteCapacityUnits": 1
                  }
                }
              ]
            }
          }
        },
        "Outputs": {
          "ServerlessDeploymentBucketName": {
            "Value": {
              "Ref": "ServerlessDeploymentBucket"
            }
          },
          "ThreadDashserviceLambdaFunctionQualifiedArn": {
            "Description": "Current Lambda function version",
            "Value": {
              "Ref": "ThreadDashserviceLambdaVersionGr8mQHxviHZ5ijAPa8ovIuYvFdcDPnBZcSYumwWc8"
            }
          },
          "CommentDashserviceLambdaFunctionQualifiedArn": {
            "Description": "Current Lambda function version",
            "Value": {
              "Ref": "CommentDashserviceLambdaVersionGr8mQHxviHZ5ijAPa8ovIuYvFdcDPnBZcSYumwWc8"
            }
          },
          "ServiceEndpoint": {
            "Description": "URL of the service endpoint",
            "Value": {
              "Fn::Join": [
                "",
                [
                  "https://",
                  {
                    "Ref": "ApiGatewayRestApi"
                  },
                  ".execute-api.eu-west-1.amazonaws.com/dev"
                ]
              ]
            }
          }
        }
      },
      "coreCloudFormationTemplate": {
        "AWSTemplateFormatVersion": "2010-09-09",
        "Description": "The AWS CloudFormation template for this Serverless application",
        "Resources": {
          "ServerlessDeploymentBucket": {
            "Type": "AWS::S3::Bucket"
          }
        },
        "Outputs": {
          "ServerlessDeploymentBucketName": {
            "Value": {
              "Ref": "ServerlessDeploymentBucket"
            }
          }
        }
      },
      "vpc": {}
    },
    "functions": {
      "thread-service": {
        "handler": "aws/thread.lambda",
        "events": [
          {
            "http": {
              "path": "threads",
              "method": "get",
              "cors": {
                "origins": [
                  "*"
                ],
                "origin": "*",
                "methods": [
                  "OPTIONS",
                  "GET"
                ],
                "headers": [
                  "Content-Type",
                  "X-Amz-Date",
                  "Authorization",
                  "X-Api-Key",
                  "X-Amz-Security-Token",
                  "X-Amz-User-Agent"
                ],
                "allowCredentials": false
              },
              "integration": "AWS_PROXY"
            }
          },
          {
            "http": {
              "path": "threads/{threadId}",
              "method": "get",
              "cors": {
                "origins": [
                  "*"
                ],
                "origin": "*",
                "methods": [
                  "OPTIONS",
                  "GET"
                ],
                "headers": [
                  "Content-Type",
                  "X-Amz-Date",
                  "Authorization",
                  "X-Api-Key",
                  "X-Amz-Security-Token",
                  "X-Amz-User-Agent"
                ],
                "allowCredentials": false
              },
              "integration": "AWS_PROXY"
            }
          },
          {
            "http": {
              "path": "threads",
              "method": "post",
              "cors": {
                "origins": [
                  "*"
                ],
                "origin": "*",
                "methods": [
                  "OPTIONS",
                  "POST"
                ],
                "headers": [
                  "Content-Type",
                  "X-Amz-Date",
                  "Authorization",
                  "X-Api-Key",
                  "X-Amz-Security-Token",
                  "X-Amz-User-Agent"
                ],
                "allowCredentials": false
              },
              "integration": "AWS_PROXY"
            }
          },
          {
            "http": {
              "path": "threads/{threadId}",
              "method": "put",
              "cors": {
                "origins": [
                  "*"
                ],
                "origin": "*",
                "methods": [
                  "OPTIONS",
                  "PUT"
                ],
                "headers": [
                  "Content-Type",
                  "X-Amz-Date",
                  "Authorization",
                  "X-Api-Key",
                  "X-Amz-Security-Token",
                  "X-Amz-User-Agent"
                ],
                "allowCredentials": false
              },
              "integration": "AWS_PROXY"
            }
          },
          {
            "http": {
              "path": "threads/{threadId}",
              "method": "delete",
              "cors": {
                "origins": [
                  "*"
                ],
                "origin": "*",
                "methods": [
                  "OPTIONS",
                  "DELETE"
                ],
                "headers": [
                  "Content-Type",
                  "X-Amz-Date",
                  "Authorization",
                  "X-Api-Key",
                  "X-Amz-Security-Token",
                  "X-Amz-User-Agent"
                ],
                "allowCredentials": false
              },
              "integration": "AWS_PROXY"
            }
          }
        ],
        "name": "diplomska-dev-thread-service",
        "package": {},
        "vpc": {}
      },
      "comment-service": {
        "handler": "aws/comment.lambda",
        "events": [
          {
            "http": {
              "path": "comments",
              "method": "get",
              "cors": {
                "origins": [
                  "*"
                ],
                "origin": "*",
                "methods": [
                  "OPTIONS",
                  "GET"
                ],
                "headers": [
                  "Content-Type",
                  "X-Amz-Date",
                  "Authorization",
                  "X-Api-Key",
                  "X-Amz-Security-Token",
                  "X-Amz-User-Agent"
                ],
                "allowCredentials": false
              },
              "integration": "AWS_PROXY"
            }
          },
          {
            "http": {
              "path": "comments/{threadId}/{commentId}",
              "method": "get",
              "cors": {
                "origins": [
                  "*"
                ],
                "origin": "*",
                "methods": [
                  "OPTIONS",
                  "GET"
                ],
                "headers": [
                  "Content-Type",
                  "X-Amz-Date",
                  "Authorization",
                  "X-Api-Key",
                  "X-Amz-Security-Token",
                  "X-Amz-User-Agent"
                ],
                "allowCredentials": false
              },
              "integration": "AWS_PROXY"
            }
          },
          {
            "http": {
              "path": "comments",
              "method": "post",
              "cors": {
                "origins": [
                  "*"
                ],
                "origin": "*",
                "methods": [
                  "OPTIONS",
                  "POST"
                ],
                "headers": [
                  "Content-Type",
                  "X-Amz-Date",
                  "Authorization",
                  "X-Api-Key",
                  "X-Amz-Security-Token",
                  "X-Amz-User-Agent"
                ],
                "allowCredentials": false
              },
              "integration": "AWS_PROXY"
            }
          },
          {
            "http": {
              "path": "comments/{threadId}/{commentId}",
              "method": "put",
              "cors": {
                "origins": [
                  "*"
                ],
                "origin": "*",
                "methods": [
                  "OPTIONS",
                  "PUT"
                ],
                "headers": [
                  "Content-Type",
                  "X-Amz-Date",
                  "Authorization",
                  "X-Api-Key",
                  "X-Amz-Security-Token",
                  "X-Amz-User-Agent"
                ],
                "allowCredentials": false
              },
              "integration": "AWS_PROXY"
            }
          },
          {
            "http": {
              "path": "comments/{threadId}/{commentId}",
              "method": "delete",
              "cors": {
                "origins": [
                  "*"
                ],
                "origin": "*",
                "methods": [
                  "OPTIONS",
                  "DELETE"
                ],
                "headers": [
                  "Content-Type",
                  "X-Amz-Date",
                  "Authorization",
                  "X-Api-Key",
                  "X-Amz-Security-Token",
                  "X-Amz-User-Agent"
                ],
                "allowCredentials": false
              },
              "integration": "AWS_PROXY"
            }
          }
        ],
        "name": "diplomska-dev-comment-service",
        "package": {},
        "vpc": {}
      }
    },
    "resources": {
      "Resources": {
        "ThreadTable": {
          "Type": "AWS::DynamoDB::Table",
          "Properties": {
            "TableName": "diplomska-dev-Thread",
            "AttributeDefinitions": [
              {
                "AttributeName": "ThreadId",
                "AttributeType": "S"
              }
            ],
            "KeySchema": [
              {
                "AttributeName": "ThreadId",
                "KeyType": "HASH"
              }
            ],
            "ProvisionedThroughput": {
              "ReadCapacityUnits": 1,
              "WriteCapacityUnits": 1
            }
          }
        },
        "CommentTable": {
          "Type": "AWS::DynamoDB::Table",
          "Properties": {
            "TableName": "diplomska-dev-Comment",
            "AttributeDefinitions": [
              {
                "AttributeName": "CommentId",
                "AttributeType": "S"
              },
              {
                "AttributeName": "ThreadId",
                "AttributeType": "S"
              }
            ],
            "KeySchema": [
              {
                "AttributeName": "CommentId",
                "KeyType": "HASH"
              },
              {
                "AttributeName": "ThreadId",
                "KeyType": "RANGE"
              }
            ],
            "ProvisionedThroughput": {
              "ReadCapacityUnits": 1,
              "WriteCapacityUnits": 1
            },
            "GlobalSecondaryIndexes": [
              {
                "IndexName": "Thread-index",
                "KeySchema": [
                  {
                    "AttributeName": "ThreadId",
                    "KeyType": "HASH"
                  },
                  {
                    "AttributeName": "CommentId",
                    "KeyType": "RANGE"
                  }
                ],
                "Projection": {
                  "ProjectionType": "ALL"
                },
                "ProvisionedThroughput": {
                  "ReadCapacityUnits": 1,
                  "WriteCapacityUnits": 1
                }
              }
            ]
          }
        }
      },
      "Outputs": {}
    },
    "artifact": "/Users/tinoampov/Documents/tino/diplomska-new/backend/.serverless/diplomska.zip"
  },
  "package": {
    "artifactDirectoryName": "serverless/diplomska/dev/1518428428270-2018-02-12T09:40:28.270Z",
    "artifact": "diplomska.zip"
  }
}